id,context,english
army.calder-levy.name,Authored army 'calder-levy': name. Moved from the content scripts.,[Calder Levy]
army.draksha-first.name,Authored army 'draksha-first': name. Moved from the content scripts.,[1. Draksha Host]
army.draksha-second.name,Authored army 'draksha-second': name. Moved from the content scripts.,[2. Draksha Levy]
army.emberlyn-levy.name,Authored army 'emberlyn-levy': name. Moved from the content scripts.,[Emberlyn Levy]
army.harrow-guard.name,Authored army 'harrow-guard': name. Moved from the content scripts.,[Harrow Guard]
army.koszev-levy.name,Authored army 'koszev-levy': name. Moved from the content scripts.,[Koszev Levy]
army.meloch-first.name,Authored army 'meloch-first': name. Moved from the content scripts.,[1. Meloch Host]
army.meloch-second.name,Authored army 'meloch-second': name. Moved from the content scripts.,[2. Meloch Levy]
army.okonn-levy.name,Authored army 'okonn-levy': name. Moved from the content scripts.,[Okonn Levy]
army.pell-host.name,Authored army 'pell-host': name. Moved from the content scripts.,[Pell Host]
army.rusk-levy.name,Authored army 'rusk-levy': name. Moved from the content scripts.,[Rusk Levy]
army.skarn-levy.name,Authored army 'skarn-levy': name. Moved from the content scripts.,[Skarn Levy]
army.spire-garrison.name,Authored army 'spire-garrison': name. Moved from the content scripts.,[Aurelian Guard]
army.szel-reavers.name,Authored army 'szel-reavers': name. Moved from the content scripts.,[Szel Reavers]
army.vantar-levy.name,Authored army 'vantar-levy': name. Moved from the content scripts.,[Vantar Levy]
army.veyrin-first.name,Authored army 'veyrin-first': name. Moved from the content scripts.,[1. Veyrin Host]
army.veyrin-second.name,Authored army 'veyrin-second': name. Moved from the content scripts.,[2. Veyrin Levy]
body.ashkarr.name,Authored body 'ashkarr': name. Moved from the content scripts.,[Ashkarr]
body.aurelian-spire.name,Authored body 'aurelian-spire': name. Moved from the content scripts.,[The Aurelian Spire]
body.vesk.name,Authored body 'vesk': name. Moved from the content scripts.,[Vesk]
character.adept-solen.name,Authored character 'adept-solen': name. Moved from the content scripts.,[Adept Marva Solen]
character.aldric-veyrin.name,Authored character 'aldric-veyrin': name. Moved from the content scripts.,[Aldric Veyrin]
character.aleyn-harrow.name,Authored character 'aleyn-harrow': name. Moved from the content scripts.,[Aleyn Harrow]
character.avram-meloch.name,Authored character 'avram-meloch': name. Moved from the content scripts.,[Avram Meloch]
character.brant-harrow.name,Authored character 'brant-harrow': name. Moved from the content scripts.,[Brant Harrow]
character.brik-skarn.name,Authored character 'brik-skarn': name. Moved from the content scripts.,[Brik Skarn]
character.captain-drozny.name,Authored character 'captain-drozny': name. Moved from the content scripts.,[Captain Lev Drozny]
character.captain-lira.name,Authored character 'captain-lira': name. Moved from the content scripts.,[Lira Harrow]
character.captain-okonn-marek.name,Authored character 'captain-okonn-marek': name. Moved from the content scripts.,[Marek Okonn]
character.captain-sanctora-imre.name,Authored character 'captain-sanctora-imre': name. Moved from the content scripts.,[Imre Vaunt]
character.captain-thessaly.name,Authored character 'captain-thessaly': name. Moved from the content scripts.,[Captain Mira Thessaly]
character.captain-vashk.name,Authored character 'captain-vashk': name. Moved from the content scripts.,[Captain Oren Vashk]
character.casimir-veyrin.name,Authored character 'casimir-veyrin': name. Moved from the content scripts.,[Casimir Veyrin]
character.casold-pell.name,Authored character 'casold-pell': name. Moved from the content scripts.,[Casold Pell]
character.commander-dray.name,Authored character 'commander-dray': name. Moved from the content scripts.,[Commander Ilex Dray]
character.consul-aurelia-veth.name,Authored character 'consul-aurelia-veth': name. Moved from the content scripts.,[Consul Aurelia Veth]
character.doriane-meloch.name,Authored character 'doriane-meloch': name. Moved from the content scripts.,[Doriane Meloch]
character.edrun-harrow.name,Authored character 'edrun-harrow': name. Moved from the content scripts.,[Edrun Harrow]
character.emeric-koszev.name,Authored character 'emeric-koszev': name. Moved from the content scripts.,[Emeric Koszev]
character.halden-rusk.name,Authored character 'halden-rusk': name. Moved from the content scripts.,[Halden Rusk]
character.halvenna-szel.name,Authored character 'halvenna-szel': name. Moved from the content scripts.,[Halvenna Szel]
character.irenna-veyrin.name,Authored character 'irenna-veyrin': name. Moved from the content scripts.,[Irenna Veyrin]
character.iven-vantar.name,Authored character 'iven-vantar': name. Moved from the content scripts.,[Iven Vantar]
character.janos-szel.name,Authored character 'janos-szel': name. Moved from the content scripts.,[Janos Szel]
character.juri-koszev.name,Authored character 'juri-koszev': name. Moved from the content scripts.,[Juri Koszev]
character.kessarin-harrow.name,Authored character 'kessarin-harrow': name. Moved from the content scripts.,[Kessarin Harrow]
character.ludo-calder.name,Authored character 'ludo-calder': name. Moved from the content scripts.,[Ludo Calder]
character.maruk-draksha.name,Authored character 'maruk-draksha': name. Moved from the content scripts.,[Maruk Draksha]
character.mikael-harrow.name,Authored character 'mikael-harrow': name. Moved from the content scripts.,[Mikael Harrow]
character.milena-koszev.name,Authored character 'milena-koszev': name. Moved from the content scripts.,[Milena Koszev]
character.milo-okonn.name,Authored character 'milo-okonn': name. Moved from the content scripts.,[Milo Okonn]
character.mirsa-rusk.name,Authored character 'mirsa-rusk': name. Moved from the content scripts.,[Mirsa Rusk]
character.nadia-okonn.name,Authored character 'nadia-okonn': name. Moved from the content scripts.,[Nadia Okonn]
character.nerezza-veyrin.name,Authored character 'nerezza-veyrin': name. Moved from the content scripts.,[Nerezza Veyrin]
character.orsa-emberlyn.name,Authored character 'orsa-emberlyn': name. Moved from the content scripts.,[Orsa Emberlyn]
character.perrin-vantar.name,Authored character 'perrin-vantar': name. Moved from the content scripts.,[Perrin Vantar]
character.petra-okonn.name,Authored character 'petra-okonn': name. Moved from the content scripts.,[Petra Okonn]
character.prefect-halden.name,Authored character 'prefect-halden': name. Moved from the content scripts.,[Prefect Ostrev Halden]
character.reyn-harrow.name,Authored character 'reyn-harrow': name. Moved from the content scripts.,[Reyn Harrow]
character.sable-pell.name,Authored character 'sable-pell': name. Moved from the content scripts.,[Sable Pell]
character.sella-calder.name,Authored character 'sella-calder': name. Moved from the content scripts.,[Sella Calder]
character.senna-harrow.name,Authored character 'senna-harrow': name. Moved from the content scripts.,[Senna Harrow]
character.sorel-emberlyn.name,Authored character 'sorel-emberlyn': name. Moved from the content scripts.,[Sorel Emberlyn]
character.tomasz-meloch.name,Authored character 'tomasz-meloch': name. Moved from the content scripts.,[Tomasz Meloch]
character.tomasz-rusk.name,Authored character 'tomasz-rusk': name. Moved from the content scripts.,[Tomasz Rusk]
character.torvald-harrow.name,Authored character 'torvald-harrow': name. Moved from the content scripts.,[Torvald Harrow]
character.vael-skarn.name,Authored character 'vael-skarn': name. Moved from the content scripts.,[Vael Skarn]
character.valka-vantar.name,Authored character 'valka-vantar': name. Moved from the content scripts.,[Valka Vantar]
character.vandric-pell.name,Authored character 'vandric-pell': name. Moved from the content scripts.,[Vandric Pell]
character.vessa-draksha.name,Authored character 'vessa-draksha': name. Moved from the content scripts.,[Vessa Draksha]
character.yelena-emberlyn.name,Authored character 'yelena-emberlyn': name. Moved from the content scripts.,[Yelena Emberlyn]
character.zorka-draksha.name,Authored character 'zorka-draksha': name. Moved from the content scripts.,[Zorka Draksha]
event.debt-called-in.choice.honour-it,Authored event 'debt-called-in': choice button. Moved from the content scripts.,[Honour it]
event.debt-called-in.choice.put-them-off,Authored event 'debt-called-in': choice button. Moved from the content scripts.,[Put them off]
event.debt-called-in.log-text,Authored event 'debt-called-in': log line. Moved from the content scripts.,[An envoy called on the house about an old obligation.]
event.debt-called-in.text,Authored event 'debt-called-in': popup body. Moved from the content scripts.,"[An envoy arrives to remind your house, courteously, of an obligation it would rather have forgotten. The reminder is public enough that the answer will be too.]"
event.debt-called-in.title,Authored event 'debt-called-in': title. Moved from the content scripts.,[An Old Debt Remembered]
event.debt-deferred.log,Log line written by the authored effect function 'debt_deferred'. Moved from the content scripts.,"[The envoy left empty-handed, and did not hide it.]"
event.debt-honoured.log,Log line written by the authored effect function 'debt_honoured'. Moved from the content scripts.,"[The house honoured its obligation, and was seen to.]"
event.good-harvest.log-text,Authored event 'good-harvest': log line. Moved from the content scripts.,[{subject} brought in a fine harvest.]
event.good-harvest.text,Authored event 'good-harvest': popup body. Moved from the content scripts.,[{subject} brings in a harvest worth talking about.]
event.good-harvest.title,Authored event 'good-harvest': title. Moved from the content scripts.,[A Good Harvest]
event.grain-riot.choice.open-stores,Authored event 'grain-riot': choice button. Moved from the content scripts.,[Open the stores]
event.grain-riot.choice.send-soldiers,Authored event 'grain-riot': choice button. Moved from the content scripts.,[Put it down]
event.grain-riot.log-text,Authored event 'grain-riot': log line. Moved from the content scripts.,[A grain riot broke out in {subject}.]
event.grain-riot.text,Authored event 'grain-riot': popup body. Moved from the content scripts.,[The granaries of {subject} are opened by a crowd that has stopped asking. Your reeve wants soldiers; the local elders want grain.]
event.grain-riot.title,Authored event 'grain-riot': title. Moved from the content scripts.,[Grain Riot]
event.hard-passage.log-text,Authored event 'hard-passage': log line. Moved from the content scripts.,[{subject} made a rough crossing.]
event.hard-passage.text,Authored event 'hard-passage': popup body. Moved from the content scripts.,[{subject} makes a rough crossing.]
event.hard-passage.title,Authored event 'hard-passage': title. Moved from the content scripts.,[A Hard Passage]
event.occupiers-quarter.log-text,Authored event 'occupiers-quarter': log line. Moved from the content scripts.,[Foreign soldiers are quartered on the households of {subject}.]
event.occupiers-quarter.text,Authored event 'occupiers-quarter': popup body. Moved from the content scripts.,[Foreign soldiers are quartered on the households of {subject}.]
event.occupiers-quarter.title,Authored event 'occupiers-quarter': title. Moved from the content scripts.,[Soldiers in the Streets]
event.petition-heard.log,Log line written by the authored effect function 'petition_heard'. Moved from the content scripts.,"[The judgement was given on the roadside, and travelled.]"
event.riot-bought-off.log,Log line written by the authored effect function 'riot_bought_off'. Moved from the content scripts.,"[The stores were opened, and the crowd went home fed.]"
event.riot-suppressed.log,Log line written by the authored effect function 'riot_suppressed'. Moved from the content scripts.,"[The riot was broken, and remembered.]"
event.road-petition.choice.hear-them,Authored event 'road-petition': choice button. Moved from the content scripts.,[Hear them out]
event.road-petition.choice.ride-on,Authored event 'road-petition': choice button. Moved from the content scripts.,[Ride on]
event.road-petition.log-text,Authored event 'road-petition': log line. Moved from the content scripts.,[{subject} was stopped on the road by petitioners.]
event.road-petition.text,Authored event 'road-petition': popup body. Moved from the content scripts.,"[{subject} is stopped on the road by tenants with a grievance against their own steward. They are asking for judgement, here, in the open.]"
event.road-petition.title,Authored event 'road-petition': title. Moved from the content scripts.,[A Petition on the Road]
event.whispers-at-court.log-text,Authored event 'whispers-at-court': log line. Moved from the content scripts.,[Talk about {subject} ran through the Consulate corridors.]
event.whispers-at-court.text,Authored event 'whispers-at-court': popup body. Moved from the content scripts.,[Talk about {subject} runs through the Consulate corridors.]
event.whispers-at-court.title,Authored event 'whispers-at-court': title. Moved from the content scripts.,[Whispers at Court]
event.work-delayed.log-text,Authored event 'work-delayed': log line. Moved from the content scripts.,[Word comes that the work is going slower than promised.]
event.work-delayed.text,Authored event 'work-delayed': popup body. Moved from the content scripts.,[The work is going slower than promised.]
event.work-delayed.title,Authored event 'work-delayed': title. Moved from the content scripts.,[The Work Drags]
job.answer-the-alarm.summary,Authored job 'answer-the-alarm': one-line summary. Moved from the content scripts.,[March to relieve a threatened holding.]
job.answer-the-alarm.title,Authored job 'answer-the-alarm': title. Moved from the content scripts.,[Answer the Alarm]
job.blockade-the-port.success.log-text,Authored job 'blockade-the-port': log line. Moved from the content scripts.,[{target} is under blockade.]
job.blockade-the-port.summary,Authored job 'blockade-the-port': one-line summary. Moved from the content scripts.,[Station a ship over a province and choke its trade.]
job.blockade-the-port.title,Authored job 'blockade-the-port': title. Moved from the content scripts.,[Blockade]
job.call-in-a-favour.critical-success.log-text,Authored job 'call-in-a-favour': log line. Moved from the content scripts.,[{target} honoured its debt to {leader} handsomely.]
job.call-in-a-favour.disaster.log-text,Authored job 'call-in-a-favour': log line. Moved from the content scripts.,[{target} repudiated its debt to {leader}.]
job.call-in-a-favour.disaster.popup-text,Authored job 'call-in-a-favour': popup body. Moved from the content scripts.,"[{target} denies owing {leader} anything at all, and says so publicly.]"
job.call-in-a-favour.failure.log-text,Authored job 'call-in-a-favour': log line. Moved from the content scripts.,[{target} put {leader} off with promises.]
job.call-in-a-favour.success.log-text,Authored job 'call-in-a-favour': log line. Moved from the content scripts.,[{target} made good on what it owed {leader}.]
job.call-in-a-favour.summary,Authored job 'call-in-a-favour': one-line summary. Moved from the content scripts.,"[Ask a house that owes you to make good on it. Spends the debt, whatever they think of you.]"
job.call-in-a-favour.title,Authored job 'call-in-a-favour': title. Moved from the content scripts.,[Call in a Favour]
job.collect-imperial-tithes.success.log-text,Authored job 'collect-imperial-tithes': log line. Moved from the content scripts.,[{leader} levied the Imperial tithes.]
job.collect-imperial-tithes.summary,Authored job 'collect-imperial-tithes': one-line summary. Moved from the content scripts.,[Exercise the Consul's authority to levy a tithe on every house of the planet.]
job.collect-imperial-tithes.title,Authored job 'collect-imperial-tithes': title. Moved from the content scripts.,[Collect the Imperial Tithes]
job.court-a-rival-house.critical-success.log-text,Authored job 'court-a-rival-house': log line. Moved from the content scripts.,[{leader} won unexpected goodwill from {target}.]
job.court-a-rival-house.critical-success.popup-text,Authored job 'court-a-rival-house': popup body. Moved from the content scripts.,[{leader} returns from {target} with warm assurances and an open door.]
job.court-a-rival-house.disaster.log-text,Authored job 'court-a-rival-house': log line. Moved from the content scripts.,[{leader} insulted {target}; relations sour.]
job.court-a-rival-house.disaster.popup-text,Authored job 'court-a-rival-house': popup body. Moved from the content scripts.,[{leader} gave insult at the court of {target}; doors close across the region.]
job.court-a-rival-house.success.log-text,Authored job 'court-a-rival-house': log line. Moved from the content scripts.,[{leader} improved relations with {target}.]
job.court-a-rival-house.summary,Authored job 'court-a-rival-house': one-line summary. Moved from the content scripts.,[Send an envoy to soften another house's standing against you.]
job.court-a-rival-house.title,Authored job 'court-a-rival-house': title. Moved from the content scripts.,[Court a Rival House]
job.curry-favour-with-the-sanctora.critical-success.log-text,Authored job 'curry-favour-with-the-sanctora': log line. Moved from the content scripts.,[{leader} is spoken of warmly throughout the Spire.]
job.curry-favour-with-the-sanctora.disaster.log-text,Authored job 'curry-favour-with-the-sanctora': log line. Moved from the content scripts.,[{leader} embarrassed themselves before the Sanctora.]
job.curry-favour-with-the-sanctora.disaster.popup-text,Authored job 'curry-favour-with-the-sanctora': popup body. Moved from the content scripts.,[{leader} misjudged the Spire's etiquette badly. The adepts remember.]
job.curry-favour-with-the-sanctora.success.log-text,Authored job 'curry-favour-with-the-sanctora': log line. Moved from the content scripts.,[{leader} made a good impression on the Sanctora.]
job.curry-favour-with-the-sanctora.summary,Authored job 'curry-favour-with-the-sanctora': one-line summary. Moved from the content scripts.,"[Pay respects, tithes, and flattery aboard the Spire.]"
job.curry-favour-with-the-sanctora.title,Authored job 'curry-favour-with-the-sanctora': title. Moved from the content scripts.,[Curry Favour with the Sanctora]
job.hold-court.summary,Authored job 'hold-court': one-line summary. Moved from the content scripts.,[Hear petitions and settle disputes among your household; settles the province you sit in.]
job.hold-court.title,Authored job 'hold-court': title. Moved from the content scripts.,[Hold Court]
job.lay-siege.critical-success.log-text,Authored job 'lay-siege': log line. Moved from the content scripts.,[{target} fell swiftly to {leader}.]
job.lay-siege.critical-success.popup-text,Authored job 'lay-siege': popup body. Moved from the content scripts.,"[{target} has fallen to {leader}, and quickly enough that the granaries are intact.]"
job.lay-siege.disaster.log-text,Authored job 'lay-siege': log line. Moved from the content scripts.,[The siege of {target} ended in disaster.]
job.lay-siege.disaster.popup-text,Authored job 'lay-siege': popup body. Moved from the content scripts.,[The siege of {target} collapsed in recrimination and blood.]
job.lay-siege.failure.log-text,Authored job 'lay-siege': log line. Moved from the content scripts.,[The siege of {target} was broken.]
job.lay-siege.success.log-text,Authored job 'lay-siege': log line. Moved from the content scripts.,[{target} fell to {leader} after a siege.]
job.lay-siege.success.popup-text,Authored job 'lay-siege': popup body. Moved from the content scripts.,"[After a grinding investment, {target} has fallen to {leader}.]"
job.lay-siege.summary,Authored job 'lay-siege': one-line summary. Moved from the content scripts.,[March on a province and take it. Its garrison must be beaten first.]
job.lay-siege.title,Authored job 'lay-siege': title. Moved from the content scripts.,[Lay Siege]
job.manage-estates.summary,Authored job 'manage-estates': one-line summary. Moved from the content scripts.,[Routine administration of the house's provincial holdings; steadies order everywhere you rule.]
job.manage-estates.title,Authored job 'manage-estates': title. Moved from the content scripts.,[Manage the Estates]
job.march-the-army.failure.log-text,Authored job 'march-the-army': log line. Moved from the content scripts.,[{leader}'s march on {target} dissolved in confusion.]
job.march-the-army.summary,Authored job 'march-the-army': one-line summary. Moved from the content scripts.,[Move an army to another province. Marches take as long as the road demands.]
job.march-the-army.title,Authored job 'march-the-army': title. Moved from the content scripts.,[March the Army]
job.muster-the-levies.critical-success.log-text,Authored job 'muster-the-levies': log line. Moved from the content scripts.,[{leader} mustered an eager and well-found levy.]
job.muster-the-levies.success.log-text,Authored job 'muster-the-levies': log line. Moved from the content scripts.,[{leader} mustered the levies.]
job.muster-the-levies.summary,Authored job 'muster-the-levies': one-line summary. Moved from the content scripts.,"[Raise a standing army under a general, with manpower and supplies from the house pool.]"
job.muster-the-levies.title,Authored job 'muster-the-levies': title. Moved from the content scripts.,[Muster the Levies]
job.negotiate-standdown.disaster.log-text,Authored job 'negotiate-standdown': log line. Moved from the content scripts.,[{leader}'s overture to {target} was thrown back in their face.]
job.negotiate-standdown.success.log-text,Authored job 'negotiate-standdown': log line. Moved from the content scripts.,[{leader} negotiated a stand-down with {target}.]
job.negotiate-standdown.summary,Authored job 'negotiate-standdown': one-line summary. Moved from the content scripts.,[Talk a rival back from the brink before more blood is spilt.]
job.negotiate-standdown.title,Authored job 'negotiate-standdown': title. Moved from the content scripts.,[Negotiate a Stand-Down]
job.patrol-the-province.summary,Authored job 'patrol-the-province': one-line summary. Moved from the content scripts.,"[Stand guard where the army is; a visible deterrent to raiders, and a steadying presence.]"
job.patrol-the-province.title,Authored job 'patrol-the-province': title. Moved from the content scripts.,[Patrol]
job.petition-the-consul.disaster.log-text,Authored job 'petition-the-consul': log line. Moved from the content scripts.,[{leader}'s petition irritated the Consulate.]
job.petition-the-consul.success.log-text,Authored job 'petition-the-consul': log line. Moved from the content scripts.,[The Consul received {leader}'s petition favourably.]
job.petition-the-consul.summary,Authored job 'petition-the-consul': one-line summary. Moved from the content scripts.,[Seek the Consul's ear for your house's interests.]
job.petition-the-consul.title,Authored job 'petition-the-consul': title. Moved from the content scripts.,[Petition the Consul]
job.press-claim-to-the-paramountcy.critical-success.log-text,Authored job 'press-claim-to-the-paramountcy': log line. Moved from the content scripts.,[{leader} pressed a claim to the Paramountcy.]
job.press-claim-to-the-paramountcy.critical-success.popup-text,Authored job 'press-claim-to-the-paramountcy': popup body. Moved from the content scripts.,[The assembled houses could find no rival to {leader}'s claim. The Paramountcy is yours.]
job.press-claim-to-the-paramountcy.failure.log-text,Authored job 'press-claim-to-the-paramountcy': log line. Moved from the content scripts.,[{leader}'s claim to the Paramountcy went nowhere.]
job.press-claim-to-the-paramountcy.success.log-text,Authored job 'press-claim-to-the-paramountcy': log line. Moved from the content scripts.,[{leader} pressed a claim to the Paramountcy.]
job.press-claim-to-the-paramountcy.summary,Authored job 'press-claim-to-the-paramountcy': one-line summary. Moved from the content scripts.,[Advance your house's claim to the vacant planetary Paramountcy. Succeeds only if you hold more of the planet than any rival.]
job.press-claim-to-the-paramountcy.title,Authored job 'press-claim-to-the-paramountcy': title. Moved from the content scripts.,[Press the Claim to the Paramountcy]
job.raid-the-province.critical-success.log-text,Authored job 'raid-the-province': log line. Moved from the content scripts.,[{leader}'s raid on {target} came home heavy with plunder.]
job.raid-the-province.disaster.log-text,Authored job 'raid-the-province': log line. Moved from the content scripts.,[{leader}'s raiders were cut apart at {target}.]
job.raid-the-province.failure.log-text,Authored job 'raid-the-province': log line. Moved from the content scripts.,[{leader}'s raid on {target} was driven off.]
job.raid-the-province.success.log-text,Authored job 'raid-the-province': log line. Moved from the content scripts.,[{leader} raided {target}.]
job.raid-the-province.summary,Authored job 'raid-the-province': one-line summary. Moved from the content scripts.,[Strike a province for loot and be gone before the response forms.]
job.raid-the-province.title,Authored job 'raid-the-province': title. Moved from the content scripts.,[Raid]
job.resupply-the-army.summary,Authored job 'resupply-the-army': one-line summary. Moved from the content scripts.,[Refill an army's supply train from the house stores.]
job.resupply-the-army.title,Authored job 'resupply-the-army': title. Moved from the content scripts.,[Resupply the Army]
job.seek-consular-endorsement.critical-success.log-text,Authored job 'seek-consular-endorsement': log line. Moved from the content scripts.,[The Consul endorsed {leader}'s house.]
job.seek-consular-endorsement.critical-success.popup-text,Authored job 'seek-consular-endorsement': popup body. Moved from the content scripts.,[The Consul receives {leader} warmly and lets it be known that the Spire looks kindly on the house.]
job.seek-consular-endorsement.disaster.log-text,Authored job 'seek-consular-endorsement': log line. Moved from the content scripts.,[{leader}'s approach to the Consul was rebuffed and remembered.]
job.seek-consular-endorsement.success.log-text,Authored job 'seek-consular-endorsement': log line. Moved from the content scripts.,[The Consul gave {leader} a guarded hearing.]
job.seek-consular-endorsement.summary,Authored job 'seek-consular-endorsement': one-line summary. Moved from the content scripts.,"[Court the Consul's public backing for your house's ambitions. Helpful, but never decisive.]"
job.seek-consular-endorsement.title,Authored job 'seek-consular-endorsement': title. Moved from the content scripts.,[Seek the Consul's Endorsement]
job.spread-whispers.critical-success.log-text,Authored job 'spread-whispers': log line. Moved from the content scripts.,[Whispers against {target} take root everywhere at once.]
job.spread-whispers.disaster.log-text,Authored job 'spread-whispers': log line. Moved from the content scripts.,[{leader} was caught spreading whispers against {target}.]
job.spread-whispers.disaster.popup-text,Authored job 'spread-whispers': popup body. Moved from the content scripts.,[The whisper campaign is traced back to {leader}. {target} knows.]
job.spread-whispers.summary,Authored job 'spread-whispers': one-line summary. Moved from the content scripts.,[Undermine a rival with rumour and insinuation.]
job.spread-whispers.title,Authored job 'spread-whispers': title. Moved from the content scripts.,[Spread Whispers]
job.tour-the-holdings.critical-success.log-text,Authored job 'tour-the-holdings': log line. Moved from the content scripts.,[{leader}'s tour of the holdings is met with genuine warmth.]
job.tour-the-holdings.disaster.log-text,Authored job 'tour-the-holdings': log line. Moved from the content scripts.,[{leader}'s tour ended in an ugly accident.]
job.tour-the-holdings.disaster.popup-text,Authored job 'tour-the-holdings': popup body. Moved from the content scripts.,"[An accident on the road; {leader} is hurt, and the tour is remembered badly.]"
job.tour-the-holdings.summary,Authored job 'tour-the-holdings': one-line summary. Moved from the content scripts.,[Show the household's face across its provinces.]
job.tour-the-holdings.title,Authored job 'tour-the-holdings': title. Moved from the content scripts.,[Tour the Holdings]
office.starbase-commander.name,Authored office 'starbase-commander': name. Moved from the content scripts.,[Commander of the Aurelian Spire]
organisation.calder.name,Authored organisation 'calder': name. Moved from the content scripts.,[House Calder]
organisation.calder.surname,Authored organisation 'calder': family surname. Moved from the content scripts.,[Calder]
organisation.draksha.name,Authored organisation 'draksha': name. Moved from the content scripts.,[House Draksha]
organisation.draksha.surname,Authored organisation 'draksha': family surname. Moved from the content scripts.,[Draksha]
organisation.emberlyn.name,Authored organisation 'emberlyn': name. Moved from the content scripts.,[House Emberlyn]
organisation.emberlyn.surname,Authored organisation 'emberlyn': family surname. Moved from the content scripts.,[Emberlyn]
organisation.harrow.name,Authored organisation 'harrow': name. Moved from the content scripts.,[House Harrow]
organisation.harrow.surname,Authored organisation 'harrow': family surname. Moved from the content scripts.,[Harrow]
organisation.koszev.name,Authored organisation 'koszev': name. Moved from the content scripts.,[House Koszev]
organisation.koszev.surname,Authored organisation 'koszev': family surname. Moved from the content scripts.,[Koszev]
organisation.meloch.name,Authored organisation 'meloch': name. Moved from the content scripts.,[House Meloch]
organisation.meloch.surname,Authored organisation 'meloch': family surname. Moved from the content scripts.,[Meloch]
organisation.okonn.name,Authored organisation 'okonn': name. Moved from the content scripts.,[House Okonn]
organisation.okonn.surname,Authored organisation 'okonn': family surname. Moved from the content scripts.,[Okonn]
organisation.pell.name,Authored organisation 'pell': name. Moved from the content scripts.,[House Pell]
organisation.pell.surname,Authored organisation 'pell': family surname. Moved from the content scripts.,[Pell]
organisation.rusk.name,Authored organisation 'rusk': name. Moved from the content scripts.,[House Rusk]
organisation.rusk.surname,Authored organisation 'rusk': family surname. Moved from the content scripts.,[Rusk]
organisation.sanctora-imperim.name,Authored organisation 'sanctora-imperim': name. Moved from the content scripts.,[The Sanctora Imperim]
organisation.skarn.name,Authored organisation 'skarn': name. Moved from the content scripts.,[House Skarn]
organisation.skarn.surname,Authored organisation 'skarn': family surname. Moved from the content scripts.,[Skarn]
organisation.szel.name,Authored organisation 'szel': name. Moved from the content scripts.,[House Szel]
organisation.szel.surname,Authored organisation 'szel': family surname. Moved from the content scripts.,[Szel]
organisation.vantar.name,Authored organisation 'vantar': name. Moved from the content scripts.,[House Vantar]
organisation.vantar.surname,Authored organisation 'vantar': family surname. Moved from the content scripts.,[Vantar]
organisation.veyrin.name,Authored organisation 'veyrin': name. Moved from the content scripts.,[House Veyrin]
organisation.veyrin.surname,Authored organisation 'veyrin': family surname. Moved from the content scripts.,[Veyrin]
province.brakkenveld.name,Authored province 'brakkenveld': name. Moved from the content scripts.,[Brakkenveld]
province.calders-folly.name,Authored province 'calders-folly': name. Moved from the content scripts.,[Calder's Folly]
province.charhold.name,Authored province 'charhold': name. Moved from the content scripts.,[Charhold]
province.cindral.name,Authored province 'cindral': name. Moved from the content scripts.,[Cindral]
province.consulate-fields.name,Authored province 'consulate-fields': name. Moved from the content scripts.,[Consulate Fields]
province.cryon-basin.name,Authored province 'cryon-basin': name. Moved from the content scripts.,[Cryon Basin]
province.dreghal.name,Authored province 'dreghal': name. Moved from the content scripts.,[Dreghal]
province.drossmark.name,Authored province 'drossmark': name. Moved from the content scripts.,[Drossmark]
province.emberwash.name,Authored province 'emberwash': name. Moved from the content scripts.,[Emberwash]
province.greyspire.name,Authored province 'greyspire': name. Moved from the content scripts.,[Greyspire]
province.halveth.name,Authored province 'halveth': name. Moved from the content scripts.,[Halveth]
province.hollow-crown.name,Authored province 'hollow-crown': name. Moved from the content scripts.,[Hollow Crown]
province.hyperions-rest.name,Authored province 'hyperions-rest': name. Moved from the content scripts.,[Hyperion's Rest]
province.karvessa.name,Authored province 'karvessa': name. Moved from the content scripts.,[Karvessa]
province.koszevny-flats.name,Authored province 'koszevny-flats': name. Moved from the content scripts.,[Koszevny Flats]
province.lanternfall.name,Authored province 'lanternfall': name. Moved from the content scripts.,[Lanternfall]
province.mournhollow.name,Authored province 'mournhollow': name. Moved from the content scripts.,[Mournhollow]
province.old-anchorage.name,Authored province 'old-anchorage': name. Moved from the content scripts.,[Old Anchorage]
province.ostragard.name,Authored province 'ostragard': name. Moved from the content scripts.,[Ostragard]
province.palensk.name,Authored province 'palensk': name. Moved from the content scripts.,[Palensk]
province.pellamir.name,Authored province 'pellamir': name. Moved from the content scripts.,[Pellamir]
province.port-vesk.name,Authored province 'port-vesk': name. Moved from the content scripts.,[Port Vesk]
province.redwater.name,Authored province 'redwater': name. Moved from the content scripts.,[Redwater]
province.regolith-verge.name,Authored province 'regolith-verge': name. Moved from the content scripts.,[Regolith Verge]
province.rustholt.name,Authored province 'rustholt': name. Moved from the content scripts.,[Rustholt]
province.sable-steppe.name,Authored province 'sable-steppe': name. Moved from the content scripts.,[Sable Steppe]
province.sallow-march.name,Authored province 'sallow-march': name. Moved from the content scripts.,[Sallow March]
province.shattered-coast.name,Authored province 'shattered-coast': name. Moved from the content scripts.,[The Shattered Coast]
province.silent-quarter.name,Authored province 'silent-quarter': name. Moved from the content scripts.,[Silent Quarter]
province.skarnos.name,Authored province 'skarnos': name. Moved from the content scripts.,[Skarnos]
province.spire-decks.name,Authored province 'spire-decks': name. Moved from the content scripts.,[The Spire Decks]
province.stillmere.name,Authored province 'stillmere': name. Moved from the content scripts.,[Stillmere]
province.thassik.name,Authored province 'thassik': name. Moved from the content scripts.,[Thassik]
province.tithe-pits.name,Authored province 'tithe-pits': name. Moved from the content scripts.,[The Tithe Pits]
province.tolmaz.name,Authored province 'tolmaz': name. Moved from the content scripts.,[Tolmaz]
province.tsarovka.name,Authored province 'tsarovka': name. Moved from the content scripts.,[Tsarovka]
province.ulmgorn.name,Authored province 'ulmgorn': name. Moved from the content scripts.,[Ulmgorn]
province.vantar-deep.name,Authored province 'vantar-deep': name. Moved from the content scripts.,[Vantar Deep]
province.veyrmark.name,Authored province 'veyrmark': name. Moved from the content scripts.,[Veyrmark]
province.vhorruk.name,Authored province 'vhorruk': name. Moved from the content scripts.,[Vhorruk]
province.virek-sound.name,Authored province 'virek-sound': name. Moved from the content scripts.,[Virek Sound]
scenario.ashkarr-succession.name,Authored scenario 'ashkarr-succession': name. Moved from the content scripts.,[The Ashkarr Succession]
ship.aurelias-writ.name,Authored ship 'aurelias-writ': name. Moved from the content scripts.,[Aurelia's Writ]
ship.draksha-lance.name,Authored ship 'draksha-lance': name. Moved from the content scripts.,[Draksha's Lance]
ship.ember-crown.name,Authored ship 'ember-crown': name. Moved from the content scripts.,[The Ember Crown]
ship.pale-lantern.name,Authored ship 'pale-lantern': name. Moved from the content scripts.,[Pale Lantern]
ship.redwater-runner.name,Authored ship 'redwater-runner': name. Moved from the content scripts.,[Redwater Runner]
ship.spire-picket.name,Authored ship 'spire-picket': name. Moved from the content scripts.,[Spire Picket]
sim.agency.began,"Log line when a house other than the player's starts a job, giving its own stated reason. {house} is a house name, {job} the job's title, {reason} why it acted.",[{house} began '{job}': {reason}.]
sim.assignment.captain,How a character's standing command reads when they captain a ship. {force} is the ship's name.,"[Captain, {force}]"
sim.assignment.general,How a character's standing command reads when they lead an army. {force} is the army's name.,"[General, {force}]"
sim.crisis.paramountcy-claimed,Log line when a house takes the Paramountcy of the planet. {house} is a house name.,[{house} has claimed the Paramountcy of the planet.]
sim.crisis.tithes-collected,Log line when the Sanctora Imperim takes its tithe from every house. {amount} is a total in wealth.,[The Sanctora collected {amount} in Imperial tithes.]
sim.forces.levy-name,"The name given to a newly mustered army. {ordinal} is a number counting the house's levies, {house} the house's name.",[{ordinal}. {house} Levy]
sim.intent.claim-ready,A house's stated reason for pressing its claim to the planet.,[we hold more of the planet than any rival]
sim.intent.favour-owed,A house's stated reason for calling in what it is owed. {house} is the house that owes it.,[{house} owes us a favour]
sim.intent.grievance-held,A house's stated reason for courting a house it has wronged. {house} is that house.,[{house} holds a grievance against us]
sim.intent.occupied,A house's stated reason for mustering troops: someone else's army is standing on its ground. {province} is a province name.,[{province} is occupied]
sim.intent.restive,A house's stated reason for attending to a province whose order is slipping. {province} is a province name.,[{province} is restive]
sim.intent.routine,A house's stated reason when nothing is pressing and it simply attends to business.,[ordinary business]
sim.intent.standing-thin,A house's stated reason for shoring up its political standing.,[our standing is thin]
sim.intent.treasury-low,A house's stated reason for raising money.,[the treasury is low]
sim.leader.available,A character's availability: free to take work on.,[available]
sim.leader.busy,"A character's availability while leading a job. {job} is the job's title, {date} when it finishes.",[leading {job} until {date}]
sim.leader.indisposed,"A character's availability when injured, held, or incapacitated with no known end.",[indisposed]
sim.leader.indisposed-until,A character's availability when they will recover on a known day. {date} is a campaign date.,[indisposed until {date}]
sim.obligation.favour.summary,"One-line description of a favour owed. {debtor} owes, {creditor} is owed.",[{debtor} owes {creditor} a favour]
sim.obligation.grievance.summary,One-line description of a grievance. {creditor} resents {debtor}.,[{creditor} resents {debtor}]
sim.obligation.promise-lapsed,"Log line when a house lets a promise run out. {house} is the house that promised, {origin} what the promise was about.",[{house} let a promise lapse: {origin}.]
sim.obligation.promise.summary,"One-line description of a promise given. {debtor} promised, {creditor} was promised.",[{debtor} has promised {creditor}]
sim.order.revolted,Log line when a province throws off its ruler. {province} is a province name.,[{province} has revolted and thrown off its ruler. The province stands unclaimed.]
sim.order.unrest-begins,"Log line on the first day a province falls into open unrest, naming the deadline. {province} is a province name, {days} the days until revolt.",[{province} has fallen into open unrest. Without a garrison or the ruler's presence it will throw off its allegiance in {days} days.]
sim.politics.no-successor,Reason shown when the campaign ends because the player's house has died out. {house} is the house's name.,[{house} has no viable successor]
sim.politics.ship-without-captain,Log line when a ship's captain dies and nobody has replaced them. {ship} is the ship's name.,[{ship} is without a captain.]
sim.politics.the-player-house,Stands in for the player's house name when it cannot be resolved.,[the player house]
sim.pressure.blockaded,One pressure acting on a province's order: its approaches are closed by a hostile ship.,[blockaded]
sim.pressure.garrison,One pressure acting on a province's order: troops are stationed there.,[garrisoned]
sim.pressure.none,Shown in place of the pressure list when nothing at all is acting on a province.,"[quiet, but unattended]"
sim.pressure.occupied,One pressure acting on a province's order: a hostile army stands there.,[hostile army present]
sim.pressure.presence,One pressure acting on a province's order: its ruler is there in person.,[ruler present]
sim.pressure.shortage,One pressure acting on a province's order: it has run out of supplies.,[supplies exhausted]
sim.refusal.already-assigned,Why a job cannot be ordered: the chosen leader already commands another force.,[that character already commands another force]
sim.refusal.bad-job,Why a job cannot be acted on: there is no such job under this house.,[no such active job for your organisation]
sim.refusal.bad-popup-answer,Why an answer was not accepted: the popup or choice does not exist.,[no such popup or choice]
sim.refusal.bad-target,Why a job cannot be ordered: its target is missing or of the wrong kind.,[the job's target is missing or of the wrong kind]
sim.refusal.campaign-over,Why nothing can be ordered: the campaign has ended.,[the campaign is over]
sim.refusal.cannot-afford,Why a job cannot be ordered: the house cannot pay for it.,[the organisation cannot afford this job]
sim.refusal.ineligible-leader,Why a job cannot be ordered: this character cannot lead for this house at all.,[not able to lead for this house]
sim.refusal.leader-busy,Why a job cannot be ordered: the chosen leader is already leading one.,[that character is already leading a job]
sim.refusal.leader-indisposed,"Why a job cannot be ordered: the chosen leader is injured, held, or incapacitated.",[that character is in no state to lead]
sim.refusal.no-player-org,Why nothing can be ordered: the player has no house to act through.,[no player organisation]
sim.refusal.unknown-job,Why a job cannot be ordered: no such job is defined. Should never reach a player.,[unknown job definition]
sim.warfare.answering-alarm,Log line when an army marches to meet a threat on its own ground. {army} is the army's name.,[{army} marches to answer the alarm.]
sim.warfare.fallen-to-siege,Log line when a besieged province changes hands. {place} is the title or province taken.,[{place} has fallen to siege.]
title.consul-of-the-sector.name,Authored title 'consul-of-the-sector': name. Moved from the content scripts.,[Consul of the Sector]
title.paramountcy-of-ashkarr.name,Authored title 'paramountcy-of-ashkarr': name. Moved from the content scripts.,[Paramount of Ashkarr]
trait.bold.name,Authored trait 'bold': name. Moved from the content scripts.,[Bold]
trait.bold.summary,Authored trait 'bold': one-line summary. Moved from the content scripts.,[Meets danger head on.]
trait.devout.name,Authored trait 'devout': name. Moved from the content scripts.,[Devout]
trait.devout.summary,Authored trait 'devout': one-line summary. Moved from the content scripts.,[Keeps the Tsarist observances.]
trait.forthright.name,Authored trait 'forthright': name. Moved from the content scripts.,[Forthright]
trait.forthright.summary,Authored trait 'forthright': one-line summary. Moved from the content scripts.,[Says what they mean.]
trait.grasping.name,Authored trait 'grasping': name. Moved from the content scripts.,[Grasping]
trait.grasping.summary,Authored trait 'grasping': one-line summary. Moved from the content scripts.,[Never enough.]
trait.magnanimous.name,Authored trait 'magnanimous': name. Moved from the content scripts.,[Magnanimous]
trait.magnanimous.summary,Authored trait 'magnanimous': one-line summary. Moved from the content scripts.,[Generous with victory.]
trait.profane.name,Authored trait 'profane': name. Moved from the content scripts.,[Profane]
trait.profane.summary,Authored trait 'profane': one-line summary. Moved from the content scripts.,[Honours nothing above appetite.]
trait.scheming.name,Authored trait 'scheming': name. Moved from the content scripts.,[Scheming]
trait.scheming.summary,Authored trait 'scheming': one-line summary. Moved from the content scripts.,[Every word is a move.]
trait.wary.name,Authored trait 'wary': name. Moved from the content scripts.,[Wary]
trait.wary.summary,Authored trait 'wary': one-line summary. Moved from the content scripts.,[Trusts slowly and watches exits.]
ui.actions.choose-army,"Placeholder on the closed army dropdown, before one is chosen.",[Choose an army]
ui.actions.choose-character,"Placeholder on the closed character-target dropdown, before one is chosen.",[Choose a character]
ui.actions.choose-leader,Button that opens the leader comparison list for an action.,[Choose…]
ui.actions.choose-leader.hover,"Tooltip on the choose-leader button. {free} is how many house members could take the job on now, {total} how many there are.",[Compare everyone in your house for this job. {free} of {total} could take it on now.]
ui.actions.choose-org,"Placeholder on the closed organisation-target dropdown, before one is chosen.",[Choose an organisation]
ui.actions.choose-province,"Placeholder on the closed province-target dropdown, before one is chosen.",[Choose a province]
ui.actions.choose-ship,"Placeholder on the closed ship dropdown, before one is chosen.",[Choose a ship]
ui.actions.confirm,Button that issues the composed action to the simulation.,[Confirm]
ui.actions.forecast-pending,Shown in place of the forecast while the action still has empty slots.,[Choose the remaining details to see the forecast.]
ui.actions.heading,Heading above the context-sensitive job buttons under a selection.,[Actions]
ui.actions.leader-chosen,"The chosen leader and their odds, beside the led-by label. {leader} is a character name, {chance} a percentage.",[{leader} — {chance}]
ui.actions.leader-fixed,"Reason shown when an action's leader cannot be chosen, because a force is led by whoever commands it.",[led by the force's own commander]
ui.actions.leader-fixed-note,"Wraps the reason a leader is fixed, shown beside the led-by slot. {reason} is that reason.",[({reason})]
ui.actions.led-by,Label before whoever would lead the action being composed.,[Led by]
ui.actions.no-armies,Shown in place of the army dropdown when the player commands none.,[You command no armies. Muster the levies first.]
ui.actions.no-leader,Shown beside the led-by label before anyone has been chosen.,[nobody yet]
ui.actions.no-ships,Shown in place of the ship dropdown when the player has no docked ships.,[You have no docked ships.]
ui.actions.obstacle.ship-has-no-captain,Shown at the ship slot when the chosen ship has no captain to carry the order. The ship's own name is already on screen beside it.,[This ship has no captain. A ship is ordered by the officer who commands it — assign one first.]
ui.actions.unavailable,Fallback shown when a character cannot take on work and no more specific reason is known.,[unavailable]
ui.body-kind.moon,What kind of body this is: a moon orbiting a planet.,[Moon]
ui.body-kind.planet,What kind of body this is: a planet.,[Planet]
ui.body-kind.starbase,What kind of body this is: an artificial station rather than a natural body.,[Starbase]
ui.cost.influence,"One of a job's costs, listed in its tooltip. I abbreviates influence. {amount} is a number.",[I {amount}]
ui.cost.manpower,"One of a job's costs, listed in its tooltip. M abbreviates manpower. {amount} is a number.",[M {amount}]
ui.cost.supplies,"One of a job's costs, listed in its tooltip. S abbreviates supplies. {amount} is a number.",[S {amount}]
ui.cost.wealth,"One of a job's costs, listed in its tooltip. W abbreviates wealth. {amount} is a number.",[W {amount}]
ui.dock.side.bottom,"The bottom edge of the screen, named inside sentences like ""Move to the bottom."" Lower case on purpose.",[bottom]
ui.dock.side.left,"The left edge of the screen, named inside sentences like ""Move to the left."" Lower case on purpose.",[left]
ui.dock.side.right,"The right edge of the screen, named inside sentences like ""Move to the right."" Lower case on purpose.",[right]
ui.forecast.blocked,Shown under a forecast when the job cannot be ordered at all. {reason} is the simulation's own account of why.,[Cannot start: {reason}]
ui.forecast.contest,"The skill contest behind a job's odds. {skill} is a skill name, {value} the leader's rating, {difficulty} the job's, {effect} a signed number.",[{skill} {value} vs difficulty {difficulty} → {effect}]
ui.forecast.contest.hover,"Tooltip on the skill contest line, explaining how advantage moves the odds.",[The leader's governing skill against the job's authored difficulty. Each point of advantage shifts weight out of the bad outcomes and into the good ones; each point of deficit does the reverse.]
ui.forecast.costs,Line in a forecast listing what ordering the job costs immediately. {costs} is a list of amounts.,[Costs {costs}]
ui.forecast.costs.hover,"Tooltip on the forecast cost line, making clear the cost is paid whatever happens.","[Taken from your house's stores the moment the job begins. This is spent whatever the outcome — a guaranteed cost, not a risk.]"
ui.forecast.delay,Line in a forecast for the days before the order even reaches its leader. {days} is a number; the d abbreviates days.,[· begins in {days}d]
ui.forecast.delay.hover,"Tooltip on the order-delay line, explaining that orders travel.","[Your order has to physically reach the leader first. Distance from your head, and any travel in progress, add this delay before the job even starts.]"
ui.forecast.duration,Line in a forecast giving how long the job takes once begun. {days} is a number.,[Takes {days} days]
ui.forecast.duration.hover,Tooltip on the duration line.,[Days from the order taking effect until it resolves. A march takes at least as long as the army needs to reach its objective.]
ui.forecast.military-op,Line warning that a military job is settled in the field after its roll. {operation} is the operation's name.,[Then contested in the field ({operation})]
ui.forecast.military-op.hover,Tooltip explaining that the field contest is deliberately outside the percentages.,"[These chances cover the order itself. Even a successful order is then decided by the operation — the strength, supply and order of the forces present settle it, and that contest is deliberately not folded into the percentages above.]"
ui.forecast.outcomes,Heading above the outcome distribution in a forecast.,[If ordered now]
ui.forecast.outcomes.hover,Tooltip on the outcome heading.,[The exact outcome distribution the simulation would roll against today. It moves with the leader you choose and their skill.]
ui.forecast.result.asks-you,An outcome row for a result that opens a popup asking the player to choose. {result} is the outcome name.,[{result}  (asks you)]
ui.forecast.result.unauthored,Tooltip on an outcome with no authored consequence written for it.,[No authored consequence for this outcome.]
ui.forecast.risk,A personal risk to the job's leader. {risk} is the risk's name; {on_failure} and {on_disaster} are percentages.,"[{risk} risk — {on_failure} on a failure, {on_disaster} on a disaster]"
ui.forecast.risk.hover,"Tooltip on a personal risk line, making clear it is conditional on a bad outcome.","[A personal consequence for the leader, rolled only if the job goes badly. It is conditional on the outcome above, not an additional chance on the order itself.]"
ui.hover.age,"Part of a character's hover summary, for a living character. {years} is a whole number.",[age {years}]
ui.hover.character,"A character's hover summary. Cmd, Dip, Int and Ste abbreviate the four skills, kept short because this sits under the cursor.","[{name} — {house}, {age}
Cmd {command} · Dip {diplomacy} · Int {intrigue} · Ste {stewardship}]"
ui.hover.died,"Part of a character's hover summary, for a dead character. {date} is a campaign date.",[died {date}]
ui.hover.no-head,Shown in a house's hover summary when it currently has no head.,[none]
ui.hover.no-house,Shown in a character's hover summary when they belong to no house.,[no house]
ui.hover.org,A house's hover summary. {titles} is how many titles it holds.,"[{name} — {standing}
Head: {head} · {titles} titles held]"
ui.hover.org.resources,"The stores line of a house's hover summary. W, M, S and I abbreviate wealth, manpower, supplies and influence; influence is shown against legitimacy.",[W {wealth} · M {manpower} · S {supplies} · I {influence}/{legitimacy}]
ui.hover.standing.great,"A house's standing, in its hover summary: one of the great houses.",[great house]
ui.hover.standing.imperial,"An organisation's standing, in its hover summary: the imperial government.",[Imperial government]
ui.hover.standing.independent,"A house's standing, in its hover summary: answering to nobody.",[independent house]
ui.hover.standing.vassal,A house's standing when it is a vassal but its liege is unknown.,[vassal house]
ui.hover.standing.vassal-of,"A house's standing, in its hover summary. {liege} is the house it answers to.",[vassal of {liege}]
ui.identity.leaderless,Shown in the top-bar identity when the player's house currently has no head.,[leaderless]
ui.identity.no-house,Shown in the top-bar identity when the player has no house at all.,[No house]
ui.inspector.body.open-map,Button in the inspector that opens the selected body's surface map.,[Open strategic view]
ui.inspector.body.provinces,"Row label in the body inspector, counting the provinces on that body.",[Provinces]
ui.inspector.body.radius,"Row label in the body inspector, for the body's radius.",[Radius]
ui.inspector.body.radius-value,Value beside the radius row. {km} is a whole number of kilometres.,[{km} km]
ui.inspector.body.stable-id,"Row label in the body inspector, for the body's internal stable ID. A debugging aid shown to the player.",[Stable ID]
ui.inspector.character.age,Line in the character inspector for a living character. {years} is a whole number.,[Age {years}]
ui.inspector.character.at,Line in the character inspector naming where the character currently is. {place} is a province or other location name.,[At: {place}]
ui.inspector.character.died,Line in the character inspector for a dead character. {date} is a campaign date.,[Died {date}]
ui.inspector.character.opinion-of-them,Line in the character inspector giving the opinion the player's head of house holds of this character. {opinion} is a signed number such as +40.,[Your head's opinion of them: {opinion}]
ui.inspector.character.opinion-of-you,Line in the character inspector giving this character's opinion of the player's head of house. {opinion} is a signed number.,[Their opinion of your head: {opinion}]
ui.inspector.character.parent,"Row label in the character inspector, before a parent's name.",[Parent:]
ui.inspector.character.spouse,"Row label in the character inspector, before a spouse's name.",[Spouse:]
ui.inspector.character.traits,Line listing a character's traits. {traits} is a comma-separated list.,[Traits: {traits}]
ui.inspector.character.travel-to,Placeholder text on the closed travel dropdown in the character inspector.,[Travel to...]
ui.inspector.nothing-selected,Shown in the inspector panel when the player has selected nothing.,"[Select a body, province, house, or character.]"
ui.inspector.org.defunct,Marker shown on a house that no longer exists. Upper case for emphasis.,[DEFUNCT]
ui.inspector.org.great-house,Line in the house inspector for a house of the highest tier.,[Great house]
ui.inspector.org.head,"Row label in the house inspector, before the name of its head.",[Head:]
ui.inspector.org.imperial,Line in the organisation inspector for the imperial government rather than a house.,[Imperial government]
ui.inspector.org.independent,Line in the house inspector for a house that answers to nobody.,[Independent house]
ui.inspector.org.members,"Row label in the house inspector, before the list of its living members.",[Members:]
ui.inspector.org.no-head,Shown in place of a name when a house currently has no head.,[None]
ui.inspector.org.no-liege,Shown in place of a name when a vassal house's liege is unknown. An em dash.,[—]
ui.inspector.org.obligations,"Row label in the house inspector, before its standing obligations.",[Obligations:]
ui.inspector.org.obligations.hover,"Tooltip on the obligations row, explaining that obligations are facts rather than feelings.","[Favours, promises and grievances binding this house. These are political facts, separate from how anyone feels: a house may dislike its creditor and still owe it.]"
ui.inspector.org.titles-held,Line in the house inspector counting the titles it holds. {count} is a whole number.,[Titles held: {count}]
ui.inspector.org.vassal-of,"Row label in the house inspector, before the name of the house it answers to.",[Vassal of]
ui.inspector.province.army,"Line for one army standing in the selected province. The crossed-swords glyph opens it. {army} is the army's name, {men} its strength.",[⚔ {army} ({men} men)]
ui.inspector.province.forces,"Row label in the province inspector, before the armies and ships standing there.",[Forces here:]
ui.inspector.province.held-by,"Row label in the province inspector, before the name of whoever holds it.",[Held by]
ui.inspector.province.latitude,"Row label in the province inspector, for its latitude on the body.",[Latitude]
ui.inspector.province.longitude,"Row label in the province inspector, for its longitude on the body.",[Longitude]
ui.inspector.province.map-mode-says,Prefix before what the active map mode says about the selected province. {mode} is the map mode's name.,[{mode}:]
ui.inspector.province.no-holder,Shown in the held-by row when nobody holds the province.,[No one]
ui.inspector.province.of-body,Line under a province's name naming the body it sits on. {body} is a body name.,[Province of {body}]
ui.inspector.province.order,"Row label in the province inspector, before its order percentage.",[Order]
ui.inspector.province.order.hover,"Tooltip on the order reading, explaining what provincial order does.","[How governable this province is. It scales what the province pays and how reliably it is defended, and a province left in unrest will throw off its ruler entirely.]"
ui.inspector.province.output,"Row label in the province inspector, before its monthly output figures.",[Monthly output]
ui.inspector.province.output-value,"The three monthly output figures. W, M and S abbreviate wealth, manpower and supplies.",[W {wealth} / M {manpower} / S {supplies}]
ui.inspector.province.ship,Line for one ship docked at the selected province. The anchor glyph opens it. {ship} is the ship's name.,[⚓ {ship}]
ui.inspector.province.unrest,Warning line in the province inspector when the province is counting down to revolt. {days} is a number of days.,[In unrest — revolts in {days} days]
ui.inspector.province.unrest.hover,"Tooltip on the unrest warning, naming the ways out of it.","[Garrison it, go there in person, or hold court to restore order before the province is lost.]"
ui.inspector.skill.command,"Row label in the character inspector for the command skill, which governs warfare.",[Command]
ui.inspector.skill.diplomacy,Row label in the character inspector for the diplomacy skill.,[Diplomacy]
ui.inspector.skill.intrigue,Row label in the character inspector for the intrigue skill.,[Intrigue]
ui.inspector.skill.stewardship,"Row label in the character inspector for the stewardship skill, which governs administration.",[Stewardship]
ui.inspector.unknown,Stand-in shown where a name should be but none could be resolved.,[Unknown]
ui.job.costs,Line in a job's tooltip listing what it costs. {costs} is a comma-separated list of amounts.,[Cost: {costs}]
ui.job.risks,Line in a job's tooltip listing what its leader risks. {risks} is a comma-separated list.,[Risks: {risks}]
ui.jobs.cancel,Button that calls off a job under way.,[Cancel]
ui.jobs.none,Shown in the active-jobs panel when nothing is under way.,[No jobs under way.]
ui.jobs.row,"One row of the active-jobs panel. {job} is the job's title, {leader} who leads it, {days} how many days remain; the d abbreviates days.",[{job} — {leader} ({days}d left)]
ui.ledger.no-map,"Shown in the map ledger panel when no body's map is open, so there are no colours to explain.",[Open a body's map to see what its colours mean.]
ui.ledger.values-on-map,"Footnote in the map ledger for graded map modes, telling the player the numbers are drawn on the globe itself.",[Values are printed on the map.]
ui.legend.claim.contending,"Map legend key, claim-pressure mode: a house holding some but not the most provinces on this body.",[Contending]
ui.legend.claim.leading,"Map legend key, claim-pressure mode: the house currently leading the claim to this body.",[Leading]
ui.legend.claim.out,"Map legend key, claim-pressure mode: a house with too few provinces to matter to the claim.",[Out of it]
ui.legend.military.empty,"Map legend key, military mode: no troops standing in the province.",[Empty]
ui.legend.military.others,"Map legend key, military mode: troops belonging to someone other than the player.",[Others]
ui.legend.military.yours,"Map legend key, military mode: the player's own troops.",[Yours]
ui.legend.my-control.direct,"Map legend key, my-realm mode: provinces the player's house holds itself.",[Held directly]
ui.legend.my-control.further,"Map legend key, my-realm mode: provinces two or more steps down the chain of vassalage.",[Further down]
ui.legend.my-control.outside,"Map legend key, my-realm mode: provinces outside the player's realm entirely.",[Not your realm]
ui.legend.my-control.vassal,"Map legend key, my-realm mode: provinces held one step down the chain of vassalage.",[Through a vassal]
ui.legend.order.loyal,"Map legend key, order mode: the highest band of provincial order.",[Loyal]
ui.legend.order.restive,"Map legend key, order mode: low order, not yet in unrest.",[Restive]
ui.legend.order.settled,"Map legend key, order mode: comfortable provincial order.",[Settled]
ui.legend.order.unrest,"Map legend key, order mode: the province is in open unrest and counting down to revolt.",[In unrest]
ui.legend.relations.friendly,"Map legend key, relations mode: the holder thinks well of the player's house.",[Friendly]
ui.legend.relations.hostile,"Map legend key, relations mode: the holder thinks badly of the player's house.",[Hostile]
ui.legend.relations.indifferent,"Map legend key, relations mode: the holder has no strong opinion of the player's house.",[Indifferent]
ui.legend.relations.yours,"Map legend key, relations mode: the player's own holdings, which have no opinion to show.",[Yours]
ui.legend.wealth.middling,"Map legend key, wealth mode: the middle of the range of provincial output.",[Middling]
ui.legend.wealth.poor,"Map legend key, wealth mode: the lowest provincial output.",[Poor]
ui.legend.wealth.rich,"Map legend key, wealth mode: the highest provincial output.",[Rich]
ui.listing.bodies,Heading above the list of celestial bodies in the listing panel.,[Bodies]
ui.listing.defending,The standing order of an army holding ground and giving battle if attacked.,[Defending]
ui.listing.disband,Button that dissolves an army back into the population.,[Disband]
ui.listing.forces,Heading above the player's armies and ships in the listing panel.,[Forces]
ui.listing.hold-fast,The standing order of an army holding its position without seeking battle.,[Hold fast]
ui.listing.houses,Heading above the list of houses in the listing panel.,[Houses]
ui.listing.move-to,Placeholder on the closed dropdown that sends a ship somewhere.,[Move to...]
ui.listing.provinces,Heading above the list of provinces in the listing panel.,[Provinces]
ui.location.in-transit,"Where a character is when travelling. {place} is the destination province, {date} when they arrive.",[In transit to {place} (arrives {date})]
ui.location.unknown,Shown where a character's location should be but none is recorded.,[Unknown]
ui.location.unknown-province,Stand-in for a destination province whose name could not be resolved. An ellipsis.,[...]
ui.log.channel.economy,"Name of the log channel carrying money, supply, and provincial order.",[Economy]
ui.log.channel.events,Name of the log channel carrying contextual events.,[Events]
ui.log.channel.jobs,Name of the log channel carrying job results.,[Jobs]
ui.log.channel.military,"Name of the log channel carrying war, sieges, and movement.",[Military]
ui.log.channel.politics,"Name of the log channel carrying succession, obligations, and standing.",[Politics]
ui.log.filter-hint,Placeholder inside the empty log filter box.,[Filter…]
ui.log.go-to-subject,Tooltip on a log entry that can be clicked to select what it is about.,[Show what this is about]
ui.log.mine-only,Toggle in the log panel that hides entries not concerning the player's house.,[Mine]
ui.log.mine-only.hover,Tooltip on the mine-only toggle.,[Show only entries concerning your own house.]
ui.log.no-campaign,"Shown in the log panel before a campaign has started, so there is nothing to log.",[No campaign is running.]
ui.log.no-matches,Shown in the log panel when the filter excludes every entry.,[Nothing matches this filter.]
ui.map-mode.claim.description,"Hover description of the claim-pressure map mode, on its toolbar button.","[Each province's weight in the race for the Paramountcy: who leads, who is contesting, and who is out of it.]"
ui.map-mode.claim.hint.held,"Province hover hint, claim-pressure mode. {holder} is a house name, {held} how many provinces it holds on this body, {total} how many there are.",[{holder} holds {held} of {total} provinces here]
ui.map-mode.claim.hint.leading,"As ui.map-mode.claim.hint.held, but this house is currently leading the claim to the body.",[{holder} holds {held} of {total} provinces here — currently leading the claim]
ui.map-mode.claim.hint.unclaimed,"Province hover hint, claim-pressure mode, when nobody holds the province.",[Unclaimed: it counts for nobody's claim]
ui.map-mode.claim.label,"Name of the claim-pressure map mode, on its toolbar button. Kept to one word.",[Claim]
ui.map-mode.claim.value.unclaimed,Value printed on an unheld province in claim-pressure mode. An em dash standing for no count.,[—]
ui.map-mode.great-house.description,Hover description of the great-house map mode.,"[Which great house each province ultimately answers to, following its holder's liege chain.]"
ui.map-mode.great-house.label,"Name of the great-house map mode, on its toolbar button.",[Great House]
ui.map-mode.holder.description,Hover description of the holder map mode.,[Who directly holds each province.]
ui.map-mode.holder.hint.direct,"Province hover hint in the my-realm map mode, when the player's own house holds the province directly.",[Held directly by your house]
ui.map-mode.holder.hint.held,Province hover hint in the holder and great-house map modes. {holder} is a house or organisation name.,[Held by {holder}]
ui.map-mode.holder.hint.lost,"Province hover hint in the holder map mode, when nobody holds the province — it has revolted or was never taken.",[Unclaimed — in revolt or never held]
ui.map-mode.holder.hint.outside,"Province hover hint in the my-realm map mode, when the province is held outside the player's chain of vassalage. {holder} is a house or organisation name.",[{holder} — outside your realm]
ui.map-mode.holder.hint.unclaimed,"Province hover hint in the my-realm map mode, when nobody holds the province.",[Unclaimed — answers to nobody]
ui.map-mode.holder.hint.vassal.one,Province hover hint when the province is held one step down the player's chain of vassalage. {holder} is a house or organisation name.,"[Held by {holder}, 1 step down your chain of vassalage]"
ui.map-mode.holder.hint.vassal.other,Plural form of ui.map-mode.holder.hint.vassal.one; {hops} is 2 or more.,"[Held by {holder}, {hops} steps down your chain of vassalage]"
ui.map-mode.holder.label,"Name of the holder map mode, on its toolbar button. Kept to one word.",[Holder]
ui.map-mode.holder.value.direct,Value printed on the province in the my-realm map mode when the player holds it directly. Kept short — it is drawn on the globe.,[direct]
ui.map-mode.holder.value.vassal,Value printed on the province in the my-realm map mode when a vassal holds it. {holder} is a house name. Kept short — it is drawn on the globe.,[via {holder}]
ui.map-mode.military.description,Hover description of the military map mode.,[Where the fighting strength stands.]
ui.map-mode.military.hint.empty,"Province hover hint, military mode, when no troops are standing in the province.",[No troops standing here]
ui.map-mode.military.hint.garrison,"Province hover hint, military mode. {men} is a troop count, {owner} the house whose force is strongest there.","[{men} men here, the strongest under {owner}]"
ui.map-mode.military.label,"Name of the military map mode, on its toolbar button. Kept to one word.",[Military]
ui.map-mode.my-control.description,Hover description of the my-realm map mode.,"[What answers to you: ground you hold yourself, ground held through your vassals, and ground that is not yours at all.]"
ui.map-mode.my-control.label,"Name of the my-realm map mode, on its toolbar button.",[My Realm]
ui.map-mode.order.description,Hover description of the order map mode.,"[How governable each province is. Provinces in unrest are marked, and will throw off their ruler if left.]"
ui.map-mode.order.hint,"Province hover hint, order mode. {percent} is provincial order as a percentage; {pressure} is a phrase describing what is pushing on it.",[Order {percent}% — {pressure}]
ui.map-mode.order.hint.revolt,"Second line of the order-mode hover hint, shown only when the province is in unrest and counting down. {days} is a number of days.",[In unrest: revolts in {days} days]
ui.map-mode.order.label,"Name of the order map mode, on its toolbar button. Kept to one word.",[Order]
ui.map-mode.relations.description,Hover description of the relations map mode.,[How each province's holder regards your house.]
ui.map-mode.relations.hint.opinion,"Province hover hint, relations mode. {holder} is a house name; {opinion} is a signed number such as +40 or -15.",[{holder} regards your house at {opinion}]
ui.map-mode.relations.hint.unclaimed,"Province hover hint, relations mode, when nobody holds the province.",[Unclaimed]
ui.map-mode.relations.hint.you,"Province hover hint, relations mode, for the player's own holdings.",[Your own holding]
ui.map-mode.relations.label,"Name of the relations map mode, on its toolbar button. Kept to one word.",[Relations]
ui.map-mode.relations.value.you,Value printed on the player's own provinces in relations mode. Kept short — it is drawn on the globe.,[you]
ui.map-mode.wealth.description,Hover description of the wealth map mode.,[What each province is worth in monthly output.]
ui.map-mode.wealth.hint,"Province hover hint, wealth mode. {output} is the province's monthly wealth output.",[Worth {output} wealth a month at full order]
ui.map-mode.wealth.label,"Name of the wealth map mode, on its toolbar button. Kept to one word.",[Wealth]
ui.military-op.besiege,A military operation: investing a province to take its title.,[Besiege]
ui.military-op.blockade,A military operation: closing a province's approaches with a ship.,[Blockade]
ui.military-op.move,A military operation: marching an army to another province.,[Move]
ui.military-op.patrol,A military operation: standing guard where the army already is.,[Patrol]
ui.military-op.raid,A military operation: striking a province for loot rather than to hold it.,[Raid]
ui.military-op.resupply,A military operation: refilling an army's supply train from the house's stores.,[Resupply]
ui.obligation.favour.label,The name of a favour — an obligation one house owes another for a good turn done.,[Favour]
ui.obligation.favour.owed-from,Shown before the name of a house that owes the selected house a favour.,[Favour from]
ui.obligation.favour.owed-to,Shown before the name of a house the selected house owes a favour to.,[Favour to]
ui.obligation.grievance.label,The name of a grievance — a wrong one house holds against another.,[Grievance]
ui.obligation.grievance.owed-from,Shown before the name of a house that holds a grievance against the selected house.,[Grievance from]
ui.obligation.grievance.owed-to,Shown before the name of a house the selected house holds a grievance against.,[Grievance to]
ui.obligation.lapses,"Line in an obligation's tooltip giving when it expires. {date} is a campaign date, {days} a whole number.",[Lapses {date} ({days} days)]
ui.obligation.origin,Line in an obligation's tooltip naming what created it. {origin} is a short phrase.,[Origin: {origin}]
ui.obligation.promise.label,The name of a promise — an undertaking one house has given another.,[Promise]
ui.obligation.promise.owed-from,Shown before the name of a house that has promised the selected house something.,[Promise from]
ui.obligation.promise.owed-to,Shown before the name of a house the selected house has promised something to.,[Promise to]
ui.obligation.stands,Line in an obligation's tooltip for one with no expiry date.,[Stands until settled]
ui.obligation.status.broken,An obligation's standing: it was owed and was not honoured.,[broken]
ui.obligation.status.expired,An obligation's standing: it ran out before it was settled.,[expired]
ui.obligation.status.fulfilled,An obligation's standing: it was settled as it should have been.,[fulfilled]
ui.obligation.status.open,An obligation's standing: it still binds.,[open]
ui.obligation.weight,Line in an obligation's tooltip giving how much it counts for. {weight} is a number.,[Weight {weight}]
ui.panel-toggle.hidden,Line in a panel toggle's tooltip when that panel is currently put away.,[Not showing.]
ui.panel-toggle.how,"Line in every panel toggle's tooltip spelling out the right-click affordance, which is otherwise invisible.","[Click to dock left, right-click to dock right.]"
ui.panel-toggle.showing,"Line in a panel toggle's tooltip naming where that panel currently sits. {side} is left, right, or bottom.",[Showing on the {side}.]
ui.panel.close,Tooltip on the ✕ button in every panel header.,[Close this panel.]
ui.panel.inspector.description,"Tooltip for the inspector panel, on its header and its toolbar toggle.","[Whatever you currently have selected, in detail.]"
ui.panel.inspector.title,"Title of the inspector panel, in its header.",[Inspector]
ui.panel.jobs.description,Tooltip for the active-jobs panel.,"[Jobs under way, and how long each has left.]"
ui.panel.jobs.title,"Title of the active-jobs panel, in its header.",[Active Jobs]
ui.panel.ledger.description,Tooltip for the map ledger panel.,[What the colours on the map mean.]
ui.panel.ledger.title,"Title of the map ledger panel, in its header.",[Map Ledger]
ui.panel.specimen.description,Tooltip for the theme specimen panel — a native-only design tool.,Every design token drawn in context.
ui.panel.specimen.title,"Title of the theme specimen panel, in its header.",Theme Specimen
ui.panel.listing.description,Tooltip for the listing panel.,"[Bodies, houses, and the forces you command.]"
ui.panel.listing.title,"Title of the listing panel, in its header.",[Listing]
ui.panel.log.description,Tooltip for the log panel.,"[What has happened, filterable by channel.]"
ui.panel.log.title,"Title of the log panel, in its header.",[Log]
ui.panel.move-to,"Tooltip on the buttons that move a panel to another edge. {side} is left, right, or bottom.",[Move to the {side}.]
ui.picker.candidate,"One candidate row in the leader picker. {name} is a character name, {skill} their rating in the governing skill, {chance} their odds as a percentage.",[{name} — skill {skill} — {chance}]
ui.picker.candidate.assigned,Appended to a candidate row when they already hold a standing command. {assignment} names it.,[ — {assignment}]
ui.picker.committed,"Divider label in the leader picker, above house members who cannot take the job on.",[Committed elsewhere]
ui.picker.committed.hover,"Tooltip on a house member who cannot take the job on. {name} is their name, {reason} the simulation's account of why not.",[{name} cannot lead this: {reason}.]
ui.picker.committed.row,"One row for a house member who cannot take the job on. {name} is their name, {reason} where they are instead.",[{name} — {reason}]
ui.picker.empty.all-committed,Shown in the leader picker when everyone capable is already busy.,[Everyone who could lead this is committed.]
ui.picker.empty.cancel-one,Shown under the all-committed message when no release date is known.,[Cancel one of the jobs below to free someone.]
ui.picker.empty.nobody,Shown in the leader picker when nobody in the house could ever lead this job.,[Nobody in your house can lead this.]
ui.picker.empty.wait-until,"Shown under the all-committed message, naming when the first member frees up. {date} is a campaign date.","[Cancel a job below, or wait — the first comes free on {date}.]"
ui.picker.title,Title of the leader picker window. {job} is the job being staffed.,[Who leads: {job}]
ui.picker.title.generic,Title of the leader picker window before a job is known.,[Who leads this]
ui.resource.influence,"The influence reading in the resource bar, shown against the house's legitimacy ceiling. I abbreviates influence.",[I {influence}/{legitimacy}]
ui.resource.manpower.hover,Tooltip on the manpower reading in the resource bar.,"[Manpower — people to staff jobs, garrisons, and armies]"
ui.resource.supplies.hover,Tooltip on the supplies reading in the resource bar.,"[Supplies — sustains armies, fleets, and expeditions]"
ui.resource.wealth.hover,Tooltip on the wealth reading in the resource bar.,"[Wealth — funds jobs, personnel, and construction]"
ui.result.critical-success,A job outcome: better than success.,[Critical success]
ui.result.disaster,A job outcome: worse than failure.,[Disaster]
ui.result.failure,A job outcome: the job did not achieve what it set out to.,[Failure]
ui.result.success,A job outcome: the job achieved what it set out to.,[Success]
ui.risk.capture,A risk a job can expose its leader to: being taken and held.,[Capture]
ui.risk.death,A risk a job can expose its leader to: dying.,[Death]
ui.risk.incapacity,A risk a job can expose its leader to: being unable to act for a while.,[Incapacity]
ui.risk.injury,A risk a job can expose its leader to: physical harm laying them up.,[Injury]
ui.risk.scandal,A risk a job can expose its leader to: public disgrace.,[Scandal]
ui.search.no-matches,Shown in the search results when nothing matches what was typed.,[No matches.]
ui.search.tag.character,Tag beside a search result naming what kind of thing it is.,[character]
ui.search.tag.house,Tag beside a search result naming what kind of thing it is.,[house]
ui.search.tag.province,Tag beside a search result naming what kind of thing it is.,[province]
ui.ship-class.capital,A ship class: the heaviest warships.,[Capital]
ui.ship-class.patrol,A ship class: light ships for watching and screening.,[Patrol]
ui.ship-class.transport,A ship class: ships that carry rather than fight.,[Transport]
ui.situation.heading,Heading of the strip over the map listing what needs the player's attention.,[Needs attention:]
ui.situation.heading.hover,Tooltip on the needs-attention heading.,[Threats to your holdings. Click one to go to it.]
ui.situation.occupied.detail,"Body of the needs-attention item for an occupied province. {occupier} is a house name, {men} a troop count, {province} the province name.","[{occupier} has {men} men standing in {province}, and its order is falling while they remain.]"
ui.situation.occupied.headline,Headline of the needs-attention item when someone else's troops are standing on the player's ground. Kept very short — it sits in a narrow strip.,[{province} occupied]
ui.situation.restive.detail,Body of the needs-attention item for a province with falling order. {percent} is provincial order as a percentage.,[Order in {province} has fallen to {percent}%. It will not recover unless you attend to it.]
ui.situation.restive.headline,Headline of the needs-attention item for a province whose order has fallen well below its starting level. Kept very short.,[{province} is restive]
ui.situation.revolt.detail,"Body of the needs-attention item for a province about to revolt, naming the ways out.","[{province} is in open unrest. Garrison it, go there in person, or hold court to restore order before it throws you off.]"
ui.situation.revolt.headline,Headline of the needs-attention item for a province counting down to revolt. {days} is a number of days; the d is an abbreviation for days. Kept very short.,[{province} revolts in {days}d]
ui.top-bar.back-to-system,Button in the top bar that leaves a body's surface map and returns to the system view. The < is a back arrow.,[< System]
ui.top-bar.campaign-over,Banner shown in the top bar when the campaign has ended. {reason} explains how.,[CAMPAIGN OVER — {reason}]
ui.top-bar.local-system,Label in the top bar when the system view is showing rather than a body's surface.,[Local System]
ui.top-bar.pause,Top bar button that stops campaign time. Shown while time is running.,[Pause]
ui.top-bar.resume,Top bar button that starts campaign time. Shown while paused.,[Resume]
ui.top-bar.search-hint,Placeholder text inside the empty search box in the top bar.,[Search…]
ui.window.title,"The game's name, shown in the title bar of the window and on the taskbar.",[The Last Aeons]
